Cluster,Voxels,Volume_ml,Peak_Z,Peak_x,Peak_y,Peak_z,Hemisphere,Dominant_ROI,COM_x,COM_y,COM_z
1,128,1.0239999999999998,-3.1768405437469482,60.0,-62.0,-16.0,Left,Right ITG inferior temporal gyrus,56.078125,-60.09375,-18.71875
2,379,3.0319999999999996,-3.2167177200317383,36.0,-50.0,-62.0,Left,Right Cerebellum Exterior,31.651715039577837,-60.89709762532981,-52.82321899736148
3,848,6.783999999999998,-3.2846078872680664,-58.0,-64.0,-20.0,Right,Left ITG inferior temporal gyrus,-8.450471698113205,-85.96698113207547,-9.110849056603776
4,399,3.1919999999999993,-3.2826411724090576,26.0,-16.0,-42.0,Left,Right Ent entorhinal area,20.040100250626566,-0.1303258145363344,-38.59147869674186
5,146,1.1679999999999997,-2.9264469146728516,2.0,-34.0,-60.0,Left,Brain Stem,-1.0958904109589014,-41.301369863013704,-63.23287671232877
6,734,5.871999999999999,-3.342489719390869,-22.0,14.0,-46.0,Right,Left TMP temporal pole,-27.07629427792915,4.021798365122621,-33.94277929155314
7,257,2.0559999999999996,-3.3463399410247803,-36.0,-60.0,-62.0,Right,Left Cerebellum Exterior,-33.6420233463035,-52.264591439688715,-57.87548638132296
